{"ProjectBreakpoints":"{\"Value\":{\"Stars_Workflows/CheckProjectDocumentationFolderExists.xaml\":[{\"ConditionalExpression\":null,\"ActionExpression\":null,\"ExpectedHitCounter\":null,\"ShouldContinueAfterAction\":false,\"IsEnabled\":false,\"ActivityIdRef\":\"Flowchart_2\",\"ActivityId\":\"1.103\",\"ActivityName\":\"Flowchart\"},{\"ConditionalExpression\":null,\"ActionExpression\":null,\"ExpectedHitCounter\":null,\"ShouldContinueAfterAction\":false,\"IsEnabled\":false,\"ActivityIdRef\":\"BuildDataTable_3\",\"ActivityId\":\"1.341\",\"ActivityName\":\"Build Data Table\"},{\"ConditionalExpression\":null,\"ActionExpression\":null,\"ExpectedHitCounter\":null,\"ShouldContinueAfterAction\":false,\"IsEnabled\":false,\"ActivityIdRef\":\"InvokeWorkflowFile_6\",\"ActivityId\":\"1.270\",\"ActivityName\":\"Invoke CheckFolderSize workflow\"}],\"Process.xaml\":[{\"ConditionalExpression\":null,\"ActionExpression\":null,\"ExpectedHitCounter\":null,\"ShouldContinueAfterAction\":false,\"IsEnabled\":false,\"ActivityIdRef\":\"InvokeWorkflowFile_7\",\"ActivityId\":\"1.61\",\"ActivityName\":\"Invoke Workflow File\"},{\"ConditionalExpression\":null,\"ActionExpression\":null,\"ExpectedHitCounter\":null,\"ShouldContinueAfterAction\":false,\"IsEnabled\":false,\"ActivityIdRef\":\"InvokeWorkflowFile_4\",\"ActivityId\":\"1.47\",\"ActivityName\":\"Invoke Workflow File\"},{\"ConditionalExpression\":null,\"ActionExpression\":null,\"ExpectedHitCounter\":null,\"ShouldContinueAfterAction\":false,\"IsEnabled\":false,\"ActivityIdRef\":\"InvokeWorkflowFile_6\",\"ActivityId\":\"1.25\",\"ActivityName\":\"Invoke Workflow File\"},{\"ConditionalExpression\":null,\"ActionExpression\":null,\"ExpectedHitCounter\":null,\"ShouldContinueAfterAction\":false,\"IsEnabled\":false,\"ActivityIdRef\":\"InvokeWorkflowFile_2\",\"ActivityId\":\"1.5\",\"ActivityName\":\"Invoke Workflow File\"}],\"Stars_Workflows/GenerateExcelReport.xaml\":[{\"ConditionalExpression\":null,\"ActionExpression\":null,\"ExpectedHitCounter\":null,\"ShouldContinueAfterAction\":false,\"IsEnabled\":true,\"ActivityIdRef\":\"BuildDataTable_1\",\"ActivityId\":\"1.106\",\"ActivityName\":\"Build Data Table\"}],\"Stars_Workflows/_CheckFolderSize.xaml\":[{\"ConditionalExpression\":null,\"ActionExpression\":null,\"ExpectedHitCounter\":null,\"ShouldContinueAfterAction\":false,\"IsEnabled\":true,\"ActivityIdRef\":\"Assign_7\",\"ActivityId\":\"1.23\",\"ActivityName\":\"Assign\"},{\"ConditionalExpression\":null,\"ActionExpression\":null,\"ExpectedHitCounter\":null,\"ShouldContinueAfterAction\":false,\"IsEnabled\":false,\"ActivityIdRef\":\"Assign_15\",\"ActivityId\":null,\"ActivityName\":\"Assign\"}]}}","ProjectWatches":"{\"Value\":[]}","OpenedDocuments":"[\"Main.xaml\"]"}